video_id,title,published_at,views,likes,comments,duration,duration_sec,engagement_rate,like_rate,comment_rate,views_per_second,comments_per_second
l5PTG1m9vEE,She Used To Be A Man,2020-04-20T12:00:21Z,5205053,81166,7098,PT1M5S,65.0,0.016957368157442393,0.015593693282277818,0.0013636748751645756,80077.73846153847,109.2
7wQ93t7q8ss,Women VS. Men,2020-04-17T12:00:04Z,1797149,45202,3550,PT1M14S,74.0,0.027127411249707176,0.02515206029104988,0.0019753509586572953,24285.797297297297,47.972972972972975
qsMiiLHVDe8,Why I Wake Up Early,2020-04-15T12:00:23Z,3184634,64681,5124,PT1M11S,71.0,0.021919316317039885,0.020310340214919516,0.0016089761021203693,44854.0,72.16901408450704
mn2UAPYD5PM,How Armenia Teaches Kids,2020-04-14T12:00:24Z,604307,13521,1062,PT1M10S,70.0,0.024131774081716743,0.022374389176362346,0.0017573849053543976,8632.957142857143,15.17142857142857
ZuLC4j_ohdw,The Hidden Cost Of Japan,2020-04-13T12:00:32Z,2230513,45776,2212,PT1M7S,67.0,0.021514333249795,0.020522633134171377,0.0009917001156236256,33291.23880597015,33.014925373134325
xvyMZ_4Zmj8,Energy From...Poop?,2020-04-11T12:00:35Z,933905,22719,1710,PT1M25S,85.0,0.026157906853480815,0.024326885496918853,0.0018310213565619628,10987.117647058823,20.11764705882353
HUq0rsv107I,How White Is London?,2020-04-09T12:00:13Z,1894347,40295,4629,PT1M14S,74.0,0.023714768202446543,0.021271182101272892,0.00244358610117365,25599.283783783783,62.554054054054056
TAQctZpOuVs,The Most Fun Country,2020-04-08T12:00:13Z,1394098,32420,1861,PT6M1S,361.0,0.024590093379375053,0.02325518005190453,0.0013349133274705221,3861.7673130193907,5.1551246537396125
_-RXonU5t5Q,Slums Of India,2020-04-07T12:00:26Z,422068,14563,1424,PT1M7S,67.0,0.03787778272695395,0.03450391879981425,0.0033738639271397026,6299.522388059701,21.253731343283583
sXmgmEUx4HQ,Does Your City Have This?!,2020-04-06T12:00:26Z,338636,10127,1552,PT1M7S,67.0,0.03448835918213067,0.029905267012367263,0.004583092169763403,5054.268656716418,23.16417910447761
VOEog1_OoXk,She Has 20 Cars,2020-04-03T12:00:24Z,2077214,42482,4546,PT1M3S,63.0,0.02263993984250058,0.020451431580954103,0.002188508261546475,32971.65079365079,72.15873015873017
dMDAcJ7eXHI,"The ""B"" Word",2020-04-02T12:00:30Z,1539055,34580,3295,PT1M20S,80.0,0.024609256979120305,0.022468332840606738,0.0021409241385135684,19238.1875,41.1875
xSS4eceZd0o,"She Has 1000 ""Animals""",2020-04-01T12:00:28Z,2534474,39843,1561,PT1M7S,67.0,0.016336328563638845,0.015720421673293947,0.0006159068903449,37827.97014925373,23.29850746268657
ySsGRbTIXZg,Why I Never Drink Coffee,2020-03-31T12:00:22Z,3780553,75092,6450,PT1M9S,69.0,0.021568802236074987,0.01986270262577988,0.0017060996102951076,54790.6231884058,93.47826086956522
2Kj4Hs4pGwg,She Can Build A House From Glass,2020-03-30T12:00:00Z,3829424,60704,2350,PT1M7S,67.0,0.01646566167653412,0.01585199236229783,0.0006136693142362924,57155.58208955224,35.07462686567164
JoCdlHCNP78,The Visa-Free Country,2020-03-27T12:00:10Z,458307,13018,988,PT1M21S,81.0,0.03056030128276461,0.02840454106090459,0.0021557602218600196,5658.111111111111,12.197530864197532
8cJ9ZIOX0tg,He Is The Hyena Man!,2020-03-26T12:00:04Z,1201611,20203,1501,PT1M22S,82.0,0.018062417870675286,0.016813261529729673,0.001249156340945614,14653.792682926829,18.304878048780488
wdreKcMgyu4,Albania's Tattoo King,2020-03-24T12:00:30Z,666925,11403,855,PT1M21S,81.0,0.018379877797353526,0.01709787457360273,0.0012820032237507966,8233.641975308641,10.555555555555555
nH42Jd2D2zU,How Singapore Drives,2020-03-23T12:00:30Z,414929,11074,1061,PT1M13S,73.0,0.02924596738237144,0.026688903402750833,0.00255706397962061,5683.958904109589,14.534246575342467
uwRWBWVSUDo,How I Learned To Swim,2020-03-21T12:00:19Z,1501306,34790,2833,PT2M8S,128.0,0.025060180935798565,0.023173157237764985,0.0018870236980335787,11728.953125,22.1328125
RVwGdUiPsPU,$12 For 1 Grape!,2020-03-20T12:00:17Z,8011841,96035,5096,PT1M6S,66.0,0.012622691838242921,0.011986633284409912,0.0006360585538330079,121391.5303030303,77.21212121212122
RZFdiFRfENg,"$150,000 For A Golf Cart?!",2020-03-19T12:00:12Z,736309,12513,834,PT1M12S,72.0,0.018126900526816866,0.016994223892414735,0.0011326766344021328,10226.513888888889,11.583333333333334
sMTXUr1dzE8,World's Biggest Nut!,2020-03-18T12:00:32Z,4891179,81666,11891,PT1M18S,78.0,0.019127699068057006,0.01669658787789202,0.002431111190164989,62707.42307692308,152.44871794871796
O1nBvQ5noeo,He Built A Robot From Trash!!,2020-03-17T12:00:15Z,2258540,49393,2922,PT1M3S,63.0,0.02316319392173705,0.021869437778387808,0.0012937561433492434,35849.84126984127,46.38095238095238
RgHFlEL-Bhk,He Knows Every Language!,2020-03-16T12:00:23Z,10990324,252761,11147,PT1M9S,69.0,0.02401275885952043,0.02299850304686195,0.0010142558126584804,159280.0579710145,161.55072463768116
ngqYdxSjyYU,The Country Of Potatoes!,2020-03-15T12:00:12Z,248519,6043,1312,PT1M24S,84.0,0.029595322691625188,0.02431604826995119,0.0052792744216739965,2958.559523809524,15.619047619047619
utvMELIxyw4,Is This A Bad Relationship?,2020-03-10T12:00:16Z,507992,14409,744,PT1M11S,71.0,0.02982920990881746,0.028364619915274256,0.0014645899935432055,7154.816901408451,10.47887323943662
AQKOAU_vVO4,About Eating Meat...,2020-03-09T12:00:01Z,580495,20327,2108,PT1M8S,68.0,0.03864805037080423,0.03501666681022231,0.003631383560581917,8536.691176470587,31.0
GTs6t3L8CDg,We Got Married!,2020-03-06T12:00:02Z,3302261,109999,4274,PT1M7S,67.0,0.034604472511409606,0.033310207763710985,0.0012942647476986222,49287.477611940296,63.791044776119406
AOzwxAJl7lg,How Expensive Is Apple?,2020-03-05T12:00:04Z,3551504,66385,3651,PT1M6S,66.0,0.019720096049448348,0.018692080876158382,0.001028015173289964,53810.666666666664,55.31818181818182
YoaS3ZFhEQI,"$20,000 For Fish?!",2020-03-04T12:00:12Z,959233,17335,1041,PT1M7S,67.0,0.019156972289318654,0.018071730226128582,0.0010852420631900696,14316.910447761195,15.537313432835822
1djLaZHc-Ho,How Cheap Is Egypt?!,2020-03-03T12:00:01Z,3298485,49711,4010,PT1M7S,67.0,0.016286567924365277,0.0150708582879716,0.0012157096363936777,49231.119402985074,59.850746268656714
twcOcGZN0BY,He Wants To Beat Google,2020-03-02T12:00:17Z,11718976,255194,7819,PT1M5S,65.0,0.0224433431726458,0.021776134706650137,0.0006672084659956638,180291.93846153846,120.29230769230769
eV7BQloiqTQ,They Almost Killed Each Other,2020-02-28T12:00:09Z,4232873,72574,2698,PT1M6S,66.0,0.01778272109746737,0.0171453289526995,0.000637392144767868,64134.43939393939,40.878787878787875
iQjGYEPm4xU,The Country Of Potatoes!,2020-02-27T12:19:26Z,319050,9230,1409,PT1M24S,84.0,0.03334587055320483,0.028929634853471244,0.004416235699733584,3798.214285714286,16.773809523809526
m5m3EuazoXI,Where Eggs Don't Fall!,2020-02-25T12:00:06Z,1922188,30821,1162,PT1M5S,65.0,0.016638851142552133,0.016034331709489393,0.000604519433062739,29572.123076923075,17.876923076923077
RRP9EUMf46A,The Coolest Museum That You've Never Seen.,2020-02-24T12:00:11Z,533548,10462,599,PT1M9S,69.0,0.020731030760119052,0.01960835763605149,0.001122673124067563,7732.579710144928,8.681159420289855
ny-mcjEiR30,The Country With No Army!,2020-02-23T12:11:01Z,494099,15412,2045,PT1M15S,75.0,0.035330976180886826,0.031192129512506602,0.004138846668380223,6587.986666666667,27.266666666666666
eQT_r3Fj4g0,World's Best Metro!,2020-02-21T12:00:08Z,2899450,45702,4734,PT1M18S,78.0,0.017395023194054046,0.015762299746503648,0.0016327234475503976,37172.4358974359,60.69230769230769
_zWIrE1igkY,Can You Eat This?!,2020-02-18T12:00:08Z,2907545,44171,4699,PT1M9S,69.0,0.016807994373259916,0.015191854296322155,0.0016161400769377603,42138.333333333336,68.10144927536231
xpNpVEB69Vg,My Greatest Gift,2020-02-14T12:20:47Z,392043,13967,1100,PT1M26S,86.0,0.03843200873373584,0.035626194065446905,0.002805814668288938,4558.639534883721,12.790697674418604
av28ArB5FnY,Why Canadians Are The Best,2020-02-11T12:00:00Z,384125,12220,1024,PT1M22S,82.0,0.03447835990888383,0.0318125610152945,0.0026657988935893263,4684.451219512195,12.487804878048781
HdIH08CaMkw,The Country Of Olives,2020-02-10T12:00:02Z,552175,13480,1568,PT1M14S,74.0,0.027252229818445238,0.024412550368995336,0.0028396794494499025,7461.824324324324,21.18918918918919
248zzLdMMAY,How I Googled My Way To Harvard,2020-02-08T12:00:01Z,1450449,48450,2040,PT1M19S,79.0,0.0348099105863081,0.03340344955251787,0.0014064610337902264,18360.113924050635,25.82278481012658
qCPTlYBlaS4,The Ocean Disappeared!,2020-02-04T12:00:11Z,5891917,115664,3857,PT1M7S,67.0,0.02028558786554529,0.019630962214844505,0.0006546256507007821,87939.05970149254,57.56716417910448
IOtqtqpHZ6E,$5 For Air?!,2020-02-03T12:00:02Z,12740255,176112,7744,PT1M10S,70.0,0.014431108325539795,0.013823271198260946,0.0006078371272788496,182003.64285714287,110.62857142857143
hWXam0AGoxk,Don't Take This For Granted!,2020-01-31T12:00:14Z,830850,20813,875,PT1M10S,70.0,0.026103388096527652,0.025050249744237828,0.0010531383522898237,11869.285714285714,12.5
MMj91fmaPOU,World's Most Peaceful Country!,2020-01-30T12:00:03Z,615314,17599,1668,PT1M5S,65.0,0.031312468105715134,0.02860165704014536,0.002710811065569774,9466.36923076923,25.661538461538463
btU1kKVTjI8,She Broke Up With Her Boyfriend,2020-01-29T12:00:14Z,2469206,46502,2880,PT1M10S,70.0,0.019999141424409304,0.01883277458421857,0.0011663668401907335,35274.37142857143,41.142857142857146
D2Nmb3s_vbA,The Forbidden Land,2020-01-27T12:00:02Z,1886901,41214,6088,PT1M15S,75.0,0.025068617802417828,0.02184216342033843,0.003226454382079399,25158.68,81.17333333333333
LC3QVfGe1RU,He Got Arrested 8 Times!,2020-01-24T12:00:04Z,5152152,86529,2323,PT1M7S,67.0,0.017245609213392774,0.01679472965859703,0.0004508795547957436,76897.79104477612,34.67164179104478
E-joL-71OPc,Where People Don't Die,2020-01-23T12:00:04Z,2106873,41214,3318,PT1M20S,80.0,0.0211365374182497,0.019561691663427267,0.0015748457548224312,26335.9125,41.475
wzPubhYYtzk,She Built A House From Milk Boxes,2020-01-22T12:00:13Z,3173522,53050,2029,PT1M6S,66.0,0.017355795863397198,0.01671644311903305,0.000639352744364148,48083.666666666664,30.742424242424242
UaNAU2fADec,How China Copies Its Way to Success,2020-01-21T12:00:04Z,1859756,39408,2318,PT1M16S,76.0,0.022436276586821065,0.021189876521436144,0.0012464000653849214,24470.473684210527,30.5
HHB_GMul0C8,Wikipedia Is Banned?!,2020-01-19T12:00:03Z,2660567,75025,8948,PT2M17S,137.0,0.03156206928823818,0.028198876404916695,0.0033631928833214877,19420.19708029197,65.31386861313868
gp47ipIwI30,The Village With Small Feet,2020-01-17T12:00:11Z,3999342,47527,1656,PT1M14S,74.0,0.012297772983655812,0.011883704869451025,0.0004140681142047867,54045.16216216216,22.37837837837838
R9PMGqbdthg,Where Men Cook!,2020-01-16T12:00:09Z,647087,14377,1360,PT1M18S,78.0,0.024319759166850825,0.022218032505675434,0.0021017266611753904,8295.98717948718,17.435897435897434
5vJN4uiX_So,We Killed The Ocean,2020-01-15T12:00:00Z,3679089,56567,3637,PT1M25S,85.0,0.016363833546837275,0.01537527360713481,0.0009885599397024645,43283.4,42.78823529411765
PSpSu1maU44,My Girlfriend Is Richer Than Me,2020-01-13T12:00:07Z,5453676,146650,4244,PT1M5S,65.0,0.02766831032866639,0.026890119618400505,0.000778190710265883,83902.7076923077,65.29230769230769
YvUOo8J1xIo,How I Stopped Cursing,2020-01-10T12:00:08Z,3350881,74928,3820,PT1M6S,66.0,0.023500685342153303,0.022360686637335078,0.0011399987048182254,50770.92424242424,57.878787878787875
D9xT3JY0lDU,She Is Married To Chocolate,2020-01-08T12:00:04Z,8321476,117912,7800,PT1M5S,65.0,0.015106935356179602,0.014169601642785487,0.0009373337133941142,128022.7076923077,120.0
cotcMWOgQL0,Smoking Is Banned?!,2020-01-07T12:00:06Z,3445569,56833,3877,PT1M24S,84.0,0.0176197313128833,0.01649451803170971,0.0011252132811735884,41018.67857142857,46.154761904761905
C07QTOrgsvk,The Fruit Language,2020-01-06T12:00:02Z,1244598,19502,1156,PT1M24S,84.0,0.01659813048068533,0.015669316518265336,0.0009288139624199943,14816.642857142857,13.761904761904763
4khqOQDtVKA,"This Language Has No ""Please""!",2020-01-03T12:00:01Z,4564940,72816,3636,PT1M6S,66.0,0.016747646190311372,0.015951140650260463,0.0007965055400509098,69165.75757575757,55.09090909090909
90wQUIF9IjU,The City That Beat A Typhoon!,2020-01-02T12:00:02Z,512227,14087,1308,PT1M13S,73.0,0.030055034193824222,0.027501478836531458,0.002553555357292763,7016.808219178082,17.91780821917808
Y7UUltUsmAg,The Woman Tax?!,2019-12-31T12:00:06Z,2789290,48341,3896,PT1M20S,80.0,0.018727704899813215,0.017330933678462977,0.001396771221350236,34866.125,48.7
ObZh-yV2uK0,The Boiling River,2019-12-30T12:00:07Z,772006,15787,1067,PT1M23S,83.0,0.0218314365432393,0.02044932293272332,0.0013821136105159804,9301.277108433735,12.855421686746988
BFXvXQX9J3k,$20 An Hour For This?,2019-12-27T12:00:00Z,891835,18037,1186,PT1M9S,69.0,0.021554435517780756,0.020224593114197133,0.0013298424035836226,12925.144927536232,17.18840579710145
bipfhdmIclY,The Kid Who Started a Bank,2019-12-26T12:00:05Z,1468605,28878,2676,PT1M26S,86.0,0.02148569560909843,0.019663558274689245,0.0018221373344091843,17076.802325581397,31.11627906976744
8okxrSpVD1s,The Holy Land is Merry!,2019-12-25T12:00:00Z,190926,6936,794,PT1M1S,61.0,0.04048689020877198,0.03632821092988907,0.004158679278882918,3129.934426229508,13.01639344262295
yKTC2AfBabM,He's the Most Inspiring Man!,2019-12-24T12:00:11Z,4052801,105309,3313,PT1M12S,72.0,0.026801710718093487,0.02598425138564662,0.0008174593324468682,56288.90277777778,46.013888888888886
NAGiiPd3k5M,How Albania Prays?!,2019-12-23T14:17:54Z,407304,10610,1667,PT1M19S,79.0,0.030142105159782374,0.026049339068607232,0.0040927660911751415,5155.7468354430375,21.10126582278481
J4pNKRg7-hY,What I saw in 30 countries!,2019-12-18T15:00:04Z,276687,8912,1162,PT1M7S,67.0,0.036409372323238896,0.032209680975253625,0.004199691347985268,4129.6567164179105,17.34328358208955
1EXrSToXp3I,She Rented A Boyfriend,2019-12-17T12:00:01Z,1520175,33309,2040,PT1M14S,74.0,0.023253243869949182,0.021911293107701416,0.0013419507622477675,20542.905405405407,27.56756756756757
Byuap-zS3cc,How Singapore Cleans,2019-12-16T12:00:02Z,147987,5072,618,PT1M20S,80.0,0.03844932325136667,0.03427328076114794,0.004176042490218735,1849.8375,7.725
eBV4yEKSxVM,He Is The Tallest Man,2019-12-12T12:00:07Z,5122044,74227,4986,PT1M14S,74.0,0.015465115098581738,0.014491675588886,0.0009734395096957386,69216.81081081081,67.37837837837837
oW0QLsyj4o8,How Latinos Say Hello,2019-12-11T12:00:16Z,1117249,22317,1839,PT1M9S,69.0,0.021620963634785082,0.019974956343661976,0.0016460072911231069,16192.014492753624,26.652173913043477
yrQp1LaQoiQ,The Strongest Accent?!,2019-12-10T12:00:12Z,11492780,244911,12888,PT1M10S,70.0,0.022431387357976052,0.021309987661818984,0.0011213996961570655,164182.57142857142,184.11428571428573
SZLN4XWGp8g,How Much Should Love Cost?,2019-12-09T12:00:08Z,224705,9756,574,PT1M50S,110.0,0.0459713847043902,0.043416924412006855,0.002554460292383347,2042.7727272727273,5.218181818181818
pM0FybwOzks,Canadaâ€™s Crazy Library,2019-12-07T12:00:09Z,373972,10021,633,PT2M1S,121.0,0.02848876386467436,0.026796123773972384,0.0016926400907019776,3090.6776859504134,5.231404958677686
Pq-b_P9BaeA,The Island with No Snakes!,2019-12-06T12:00:05Z,2669104,44665,4019,PT1M20S,80.0,0.018239828796480017,0.016734080050833537,0.0015057487456464791,33363.8,50.2375
BBDaq5JPhHo,Is Apple Worth It?!,2019-12-05T12:00:06Z,2888052,78069,6314,PT1M4S,64.0,0.02921796421948081,0.027031715495427367,0.002186248724053445,45125.8125,98.65625
OX8-BIRDMGw,This is Made of...PEE?!,2019-12-04T12:00:05Z,5484866,115444,7473,PT1M18S,78.0,0.022410210203859127,0.02104773389176691,0.0013624763120922189,70318.79487179487,95.8076923076923
BaT8vwFnKKo,"$50,000 FOR THIS?!",2019-11-29T12:00:02Z,4418324,66823,2870,PT1M4S,64.0,0.01577362819023684,0.015124060616650115,0.0006495675735867266,69036.3125,44.84375
mq8Kq8iCHlU,This Will Make You Happy,2019-11-28T12:00:05Z,2054925,38290,1559,PT1M12S,72.0,0.019391948611263185,0.01863328345316739,0.0007586651580957942,28540.625,21.65277777777778
5A_4_k1nwzk,This Guy Will Never Die!,2019-11-25T12:00:00Z,17362680,339089,18902,PT1M13S,73.0,0.020618418354770116,0.019529761534509648,0.0010886568202604667,237844.9315068493,258.93150684931504
xYtI2HNMIcc,The Country With No Starbucks,2019-11-21T12:00:21Z,2268240,38188,5269,PT1M15S,75.0,0.019158907346665255,0.016835960921242902,0.002322946425422354,30243.2,70.25333333333333
RPG3BKJVU34,The Ocean Is Gone!,2019-11-20T12:00:06Z,1424406,33333,1210,PT1M16S,76.0,0.024250810513294665,0.02340133360853577,0.000849476904758896,18742.184210526317,15.921052631578947
Gm-Yb4oxGBU,Why I Don't Buy Things,2019-11-19T12:00:02Z,369590,13143,606,PT1M53S,113.0,0.03720068183662978,0.035561027084066124,0.0016396547525636515,3270.70796460177,5.3628318584070795
SZ5a_jfJIqY,"The ""Flat Earth"" Island?",2019-11-18T12:00:07Z,694022,14355,794,PT1M21S,81.0,0.021827838310601106,0.020683782358484313,0.0011440559521167916,8568.172839506173,9.802469135802468
LkDsP4XqUB8,The Country With Most Languages!,2019-11-15T12:00:05Z,296822,6914,1076,PT1M15S,75.0,0.026918489869349308,0.023293421646643442,0.003625068222705864,3957.6266666666666,14.346666666666666
WTe8B-OTuZ0,How Beautiful Are Turkish Men?!,2019-11-14T12:00:06Z,1176487,26562,1728,PT1M4S,64.0,0.024046164556004442,0.022577385045478616,0.0014687795105258281,18382.609375,27.0
fJJoC-vJeoo,Where you DON'T SWEAT!,2019-11-13T12:00:14Z,4571926,84175,2379,PT1M11S,71.0,0.01893162750228241,0.018411277872826464,0.0005203496294559449,64393.32394366197,33.50704225352113
8_vFa8AfzHg,The Most Unique Language,2019-11-10T12:02:17Z,1041376,18159,1164,PT1M11S,71.0,0.018555257659097196,0.01743750576160772,0.0011177518974894755,14667.267605633802,16.3943661971831
cZ6lc1RufBU,The Jungle King!,2019-11-08T12:00:11Z,7941929,83050,6183,PT1M26S,86.0,0.011235683421496213,0.010457157196947996,0.0007785262245482175,92348.01162790698,71.8953488372093
nrP7uFKBDWE,Where Gravity Doesn't Work?,2019-11-05T12:00:09Z,12529893,257948,7345,PT1M16S,76.0,0.021172806503614996,0.02058660836130045,0.0005861981423145433,164867.01315789475,96.64473684210526
dX2mCMzOrYQ,World's Vegan City!,2019-11-01T12:00:07Z,4013763,57659,4756,PT1M24S,84.0,0.015550245492820577,0.014365322516551177,0.001184922976269401,47782.892857142855,56.61904761904762
m3iySI82BAw,World's Best Airport!,2019-10-19T12:00:09Z,5099175,77381,5281,PT1M21S,81.0,0.016210857638735678,0.01517519990978933,0.0010356577289463492,62952.77777777778,65.19753086419753
7LhJj87k1ME,This Is Made Of POOP?!,2019-10-14T12:00:01Z,6669667,135074,11745,PT1M10S,70.0,0.02201294307496911,0.020251985593883474,0.0017609574810856373,95280.95714285714,167.78571428571428
7stSxsIXU0s,"The ""Red Mouth"" Nut!",2019-10-13T11:20:21Z,590551,10092,709,PT1M7S,67.0,0.018289698942174342,0.017089125240665075,0.0012005737015092686,8814.194029850747,10.582089552238806
r2btPYgq-FI,He Wanted to be Black...,2019-10-10T11:19:44Z,5069645,93767,5194,PT1M7S,67.0,0.019520301717378633,0.018495772386429424,0.0010245293309492085,75666.34328358209,77.5223880597015
CLXjCJP4oPw,He is The Most Amazing Kid.,2019-10-09T14:56:23Z,2991889,54943,0,PT1M8S,68.0,0.01836398342318181,0.01836398342318181,0.0,43998.367647058825,0.0
Khca8mYkTUk,Where Everything Is Flipped!,2019-10-08T11:04:38Z,5413400,96134,8111,PT1M9S,69.0,0.019256844127535377,0.017758525141315994,0.0014983189862193816,78455.07246376811,117.55072463768116
AOjreE5AivA,Is this the shortest language?!,2019-10-07T10:04:09Z,2396435,59581,3589,PT1M8S,68.0,0.026359988900178807,0.024862347612182263,0.0014976412879965449,35241.69117647059,52.779411764705884
dQSUqaRnIBA,The Strongest Passport?!,2019-10-05T05:40:19Z,1629914,35129,1606,PT1M8S,68.0,0.022537998937367246,0.021552670877113763,0.0009853280602534857,23969.323529411766,23.61764705882353
PoFn41q-w5M,The Million Dollar Spin,2019-10-03T12:02:48Z,5950135,112192,3087,PT1M23S,83.0,0.019374182266452777,0.018855370508400228,0.0005188117580525483,71688.3734939759,37.19277108433735
qZ_32hoYksg,He Makes Vodka From Sheep,2020-05-11T12:00:28Z,425639,13300,2102,PT1M5S,65.0,0.03618559389529625,0.03124713665806,0.004938457237236249,6548.292307692308,32.33846153846154
qZ_32hoYksg,He Makes Vodka From Sheep,2020-05-11T12:00:28Z,425639,13300,2102,PT1M5S,65.0,0.03618559389529625,0.03124713665806,0.004938457237236249,6548.292307692308,32.33846153846154
xgWdlj-Ea-M,He Made Science Easy,2020-05-12T12:00:40Z,893006,29487,2138,PT1M9S,69.0,0.03541409576195457,0.03301993491645073,0.0023941608455038377,12942.115942028986,30.985507246376812
xgWdlj-Ea-M,He Made Science Easy,2020-05-12T12:00:40Z,893006,29487,2138,PT1M9S,69.0,0.03541409576195457,0.03301993491645073,0.0023941608455038377,12942.115942028986,30.985507246376812
xgWdlj-Ea-M,He Made Science Easy,2020-05-12T12:00:40Z,893006,29487,2138,PT1M9S,69.0,0.03541409576195457,0.03301993491645073,0.0023941608455038377,12942.115942028986,30.985507246376812
xgWdlj-Ea-M,He Made Science Easy,2020-05-12T12:00:40Z,893006,29487,2138,PT1M9S,69.0,0.03541409576195457,0.03301993491645073,0.0023941608455038377,12942.115942028986,30.985507246376812
PQ--tPaMACY,World's Longest Names?!,2020-05-18T12:00:21Z,6856372,91802,10782,PT1M27S,87.0,0.014961848627816576,0.013389296846787193,0.0015725517810293841,78808.8735632184,123.93103448275862
PQ--tPaMACY,World's Longest Names?!,2020-05-18T12:00:21Z,6856372,91802,10782,PT1M27S,87.0,0.014961848627816576,0.013389296846787193,0.0015725517810293841,78808.8735632184,123.93103448275862
kAyZes71BkA,How Beautiful Is The Maldives?,2020-05-15T12:00:21Z,340985,12708,1666,PT1M9S,69.0,0.04215434696540903,0.03726850154698887,0.0048858454184201655,4941.811594202899,24.144927536231883
kAyZes71BkA,How Beautiful Is The Maldives?,2020-05-15T12:00:21Z,340985,12708,1666,PT1M9S,69.0,0.04215434696540903,0.03726850154698887,0.0048858454184201655,4941.811594202899,24.144927536231883
3NMNRRqGqc8,What I Learned From A Mine Field,2020-05-19T12:00:03Z,2516212,42828,2247,PT1M5S,65.0,0.01791383237978358,0.01702082336464495,0.000893009015138629,38710.95384615385,34.56923076923077
3NMNRRqGqc8,What I Learned From A Mine Field,2020-05-19T12:00:03Z,2516212,42828,2247,PT1M5S,65.0,0.01791383237978358,0.01702082336464495,0.000893009015138629,38710.95384615385,34.56923076923077
mQ7xQ1TGBFU,He Is The Youngest Mayor!,2020-05-20T12:00:33Z,451450,17404,1592,PT1M1S,61.0,0.042077749473917375,0.03855133458854801,0.0035264148853693653,7400.819672131148,26.098360655737704
mQ7xQ1TGBFU,He Is The Youngest Mayor!,2020-05-20T12:00:33Z,451450,17404,1592,PT1M1S,61.0,0.042077749473917375,0.03855133458854801,0.0035264148853693653,7400.819672131148,26.098360655737704
QmW30097p6A,The Cinema By The Sea!,2020-05-22T12:00:28Z,419413,14042,908,PT1M8S,68.0,0.03564505630488325,0.03348012579486091,0.0021649305100223406,6167.838235294118,13.352941176470589
QmW30097p6A,The Cinema By The Sea!,2020-05-22T12:00:28Z,419413,14042,908,PT1M8S,68.0,0.03564505630488325,0.03348012579486091,0.0021649305100223406,6167.838235294118,13.352941176470589
vg_UX2N4Qvc,What I Learned From Muslims,2020-05-14T12:00:30Z,983716,42822,4445,PT1M6S,66.0,0.0480494370326395,0.04353085646670381,0.004518580565935697,14904.787878787878,67.34848484848484
O_UyCYCWqH0,Are We Teaching Hate To Children?,2020-05-25T13:30:03Z,745651,24578,1976,PT1M3S,63.0,0.03561183449093477,0.032961801164351684,0.0026500333265830796,11835.730158730159,31.365079365079364
O_UyCYCWqH0,Are We Teaching Hate To Children?,2020-05-25T13:30:03Z,745651,24578,1976,PT1M3S,63.0,0.03561183449093477,0.032961801164351684,0.0026500333265830796,11835.730158730159,31.365079365079364
O_UyCYCWqH0,Are We Teaching Hate To Children?,2020-05-25T13:30:03Z,745651,24578,1976,PT1M3S,63.0,0.03561183449093477,0.032961801164351684,0.0026500333265830796,11835.730158730159,31.365079365079364
ncrv5GeK-hM,This Is The City Of Cats,2020-05-28T12:00:23Z,1978018,56039,5183,PT1M9S,69.0,0.03095118446849321,0.028330884754334894,0.002620299714158314,28666.927536231884,75.1159420289855
ncrv5GeK-hM,This Is The City Of Cats,2020-05-28T12:00:23Z,1978018,56039,5183,PT1M9S,69.0,0.03095118446849321,0.028330884754334894,0.002620299714158314,28666.927536231884,75.1159420289855
ncrv5GeK-hM,This Is The City Of Cats,2020-05-28T12:00:23Z,1978018,56039,5183,PT1M9S,69.0,0.03095118446849321,0.028330884754334894,0.002620299714158314,28666.927536231884,75.1159420289855
5G7kT8Nz7QE,Before You Flush...,2020-06-08T12:00:02Z,1531402,41539,4335,PT1M20S,80.0,0.029955557064702803,0.027124817650754016,0.002830739413948787,19142.525,54.1875
5G7kT8Nz7QE,Before You Flush...,2020-06-08T12:00:02Z,1531402,41539,4335,PT1M20S,80.0,0.029955557064702803,0.027124817650754016,0.002830739413948787,19142.525,54.1875
5G7kT8Nz7QE,Before You Flush...,2020-06-08T12:00:02Z,1531402,41539,4335,PT1M20S,80.0,0.029955557064702803,0.027124817650754016,0.002830739413948787,19142.525,54.1875
i5N3SppqeMY,Will This Change Your Mind?,2020-05-26T12:00:32Z,416361,18240,4807,PT1M8S,68.0,0.05535340725956562,0.04380813764977988,0.01154526960978574,6122.955882352941,70.69117647058823
i5N3SppqeMY,Will This Change Your Mind?,2020-05-26T12:00:32Z,416361,18240,4807,PT1M8S,68.0,0.05535340725956562,0.04380813764977988,0.01154526960978574,6122.955882352941,70.69117647058823
GwttndO03rI,When Women Travel,2020-06-01T12:00:07Z,683805,24032,1445,PT1M5S,65.0,0.03725769773546552,0.03514452219565519,0.002113175539810326,10520.076923076924,22.23076923076923
GwttndO03rI,When Women Travel,2020-06-01T12:00:07Z,683805,24032,1445,PT1M5S,65.0,0.03725769773546552,0.03514452219565519,0.002113175539810326,10520.076923076924,22.23076923076923
GwttndO03rI,When Women Travel,2020-06-01T12:00:07Z,683805,24032,1445,PT1M5S,65.0,0.03725769773546552,0.03514452219565519,0.002113175539810326,10520.076923076924,22.23076923076923
rjKD2vDUz7s,He Survived Tragedy,2020-06-02T12:00:30Z,709919,23801,1444,PT1M9S,69.0,0.0355603949182935,0.03352636004952678,0.0020340348687667184,10288.68115942029,20.92753623188406
rjKD2vDUz7s,He Survived Tragedy,2020-06-02T12:00:30Z,709919,23801,1444,PT1M9S,69.0,0.0355603949182935,0.03352636004952678,0.0020340348687667184,10288.68115942029,20.92753623188406
urX1TW8ZsPY,The Most Surprising Country!,2020-06-03T12:00:25Z,278803,12211,1519,PT1M8S,68.0,0.04924624197013662,0.043797950524205265,0.005448291445931356,4100.044117647059,22.33823529411765
urX1TW8ZsPY,The Most Surprising Country!,2020-06-03T12:00:25Z,278803,12211,1519,PT1M8S,68.0,0.04924624197013662,0.043797950524205265,0.005448291445931356,4100.044117647059,22.33823529411765
BiKB0c60Z9w,Can You Speak This Language?!,2020-06-09T12:00:08Z,382471,14641,1827,PT1M9S,69.0,0.043056859212855354,0.03828002645952242,0.0047768327533329324,5543.057971014493,26.47826086956522
BiKB0c60Z9w,Can You Speak This Language?!,2020-06-09T12:00:08Z,382471,14641,1827,PT1M9S,69.0,0.043056859212855354,0.03828002645952242,0.0047768327533329324,5543.057971014493,26.47826086956522
Ae50WXWbNwM,Is This The Shortest Language?,2020-06-04T12:00:04Z,715677,21939,2442,PT1M8S,68.0,0.03406704421128526,0.030654890404470173,0.0034121538068150855,10524.661764705883,35.911764705882355
Ae50WXWbNwM,Is This The Shortest Language?,2020-06-04T12:00:04Z,715677,21939,2442,PT1M8S,68.0,0.03406704421128526,0.030654890404470173,0.0034121538068150855,10524.661764705883,35.911764705882355
_G8RYJXmeYw,The City Without Taxes,2020-06-11T12:00:13Z,497435,17014,1676,PT1M4S,64.0,0.03757274819825706,0.03420346376913567,0.0033692844291213927,7772.421875,26.1875
_G8RYJXmeYw,The City Without Taxes,2020-06-11T12:00:13Z,497435,17014,1676,PT1M4S,64.0,0.03757274819825706,0.03420346376913567,0.0033692844291213927,7772.421875,26.1875
_G8RYJXmeYw,The City Without Taxes,2020-06-11T12:00:13Z,497435,17014,1676,PT1M4S,64.0,0.03757274819825706,0.03420346376913567,0.0033692844291213927,7772.421875,26.1875
VYLmHKoRsh8,She Has 800 Cats,2020-06-12T12:00:14Z,2649719,44517,3747,PT1M6S,66.0,0.01821476164076266,0.01680064942735437,0.0014141122134082897,40147.257575757576,56.77272727272727
VYLmHKoRsh8,She Has 800 Cats,2020-06-12T12:00:14Z,2649719,44517,3747,PT1M6S,66.0,0.01821476164076266,0.01680064942735437,0.0014141122134082897,40147.257575757576,56.77272727272727
c62fi6B11rI,Am I Bad Muslim?!,2020-06-21T12:30:09Z,2359897,79892,21951,PT1M7S,67.0,0.04315569704948987,0.033854019900021064,0.009301677149468812,35222.34328358209,327.6268656716418
c62fi6B11rI,Am I Bad Muslim?!,2020-06-21T12:30:09Z,2359897,79892,21951,PT1M7S,67.0,0.04315569704948987,0.033854019900021064,0.009301677149468812,35222.34328358209,327.6268656716418
s_y-bKlQVnE,The Most Polite Country?!,2020-06-16T12:00:18Z,340328,16070,1681,PT1M16S,76.0,0.05215850591194377,0.04721915328741685,0.004939352624526927,4478.0,22.11842105263158
s_y-bKlQVnE,The Most Polite Country?!,2020-06-16T12:00:18Z,340328,16070,1681,PT1M16S,76.0,0.05215850591194377,0.04721915328741685,0.004939352624526927,4478.0,22.11842105263158
6ExUttsnsMg,The Loneliest Airport,2020-06-17T12:00:03Z,1905630,37998,2259,PT1M3S,63.0,0.02112529714582579,0.019939862407707686,0.0011854347381181026,30248.095238095237,35.857142857142854
6ExUttsnsMg,The Loneliest Airport,2020-06-17T12:00:03Z,1905630,37998,2259,PT1M3S,63.0,0.02112529714582579,0.019939862407707686,0.0011854347381181026,30248.095238095237,35.857142857142854
6ExUttsnsMg,The Loneliest Airport,2020-06-17T12:00:03Z,1905630,37998,2259,PT1M3S,63.0,0.02112529714582579,0.019939862407707686,0.0011854347381181026,30248.095238095237,35.857142857142854
3hPAh_JG25E,Why I Don't Spend Money,2020-06-23T12:00:00Z,449024,18366,1659,PT1M6S,66.0,0.044596725342075254,0.04090204532497149,0.003694680017103763,6803.393939393939,25.136363636363637
3hPAh_JG25E,Why I Don't Spend Money,2020-06-23T12:00:00Z,449024,18366,1659,PT1M6S,66.0,0.044596725342075254,0.04090204532497149,0.003694680017103763,6803.393939393939,25.136363636363637
MaYu9yCoirw,How Dangerous Is Africa?!,2020-06-22T12:00:15Z,2200699,48142,2271,PT1M6S,66.0,0.022907721592094147,0.021875776741844297,0.0010319448502498524,33343.92424242424,34.40909090909091
MaYu9yCoirw,How Dangerous Is Africa?!,2020-06-22T12:00:15Z,2200699,48142,2271,PT1M6S,66.0,0.022907721592094147,0.021875776741844297,0.0010319448502498524,33343.92424242424,34.40909090909091
4QhIuLZnJbo,We Killed The Dead Sea,2020-06-30T12:00:01Z,3273378,64453,3351,PT1M7S,67.0,0.020713770300894063,0.019690057182519097,0.0010237131183749631,48856.388059701494,50.014925373134325
4QhIuLZnJbo,We Killed The Dead Sea,2020-06-30T12:00:01Z,3273378,64453,3351,PT1M7S,67.0,0.020713770300894063,0.019690057182519097,0.0010237131183749631,48856.388059701494,50.014925373134325
kzGTxzP3sTI,We Broke Up,2020-08-10T12:00:10Z,2803515,89239,4449,PT1M6S,66.0,0.033418048414222856,0.03183111201473864,0.0015869363994842189,42477.5,67.4090909090909
kzGTxzP3sTI,We Broke Up,2020-08-10T12:00:10Z,2803515,89239,4449,PT1M6S,66.0,0.033418048414222856,0.03183111201473864,0.0015869363994842189,42477.5,67.4090909090909
krars2wx0kw,Why I Never Smoke,2020-07-06T12:00:29Z,3097407,74923,6492,PT1M13S,73.0,0.02628488926382616,0.024188942557435946,0.002095946706390216,42430.232876712325,88.93150684931507
krars2wx0kw,Why I Never Smoke,2020-07-06T12:00:29Z,3097407,74923,6492,PT1M13S,73.0,0.02628488926382616,0.024188942557435946,0.002095946706390216,42430.232876712325,88.93150684931507
krars2wx0kw,Why I Never Smoke,2020-07-06T12:00:29Z,3097407,74923,6492,PT1M13S,73.0,0.02628488926382616,0.024188942557435946,0.002095946706390216,42430.232876712325,88.93150684931507
krars2wx0kw,Why I Never Smoke,2020-07-06T12:00:29Z,3097407,74923,6492,PT1M13S,73.0,0.02628488926382616,0.024188942557435946,0.002095946706390216,42430.232876712325,88.93150684931507
krars2wx0kw,Why I Never Smoke,2020-07-06T12:00:29Z,3097407,74923,6492,PT1M13S,73.0,0.02628488926382616,0.024188942557435946,0.002095946706390216,42430.232876712325,88.93150684931507
CjPnlGkNi3A,China's Iron Man!,2020-08-07T12:30:00Z,297191,10362,1717,PT1M20S,80.0,0.04064389567651779,0.034866466346558274,0.005777429329959521,3714.8875,21.4625
CjPnlGkNi3A,China's Iron Man!,2020-08-07T12:30:00Z,297191,10362,1717,PT1M20S,80.0,0.04064389567651779,0.034866466346558274,0.005777429329959521,3714.8875,21.4625
x-anU0kLh1c,Why I Don't Eat Pork!,2020-08-06T12:00:15Z,4270605,104481,13335,PT1M12S,72.0,0.02758766029637487,0.024465151892998766,0.0031225084033761025,59313.958333333336,185.20833333333334
eoRCJpx-XLY,Why I Quit Partying,2020-06-26T12:00:22Z,1131855,26487,1838,PT1M19S,79.0,0.025025290341960764,0.023401407424095844,0.0016238829178649209,14327.278481012658,23.265822784810126
hLMuUTO2l48,This Haircut Is $355!,2020-06-29T12:00:24Z,3043771,53341,2491,PT1M6S,66.0,0.01834303566201268,0.017524642951128714,0.000818392710883966,46117.742424242424,37.74242424242424
Ecubv1E2wOU,What's My Favorite Country?,2020-07-01T12:00:10Z,882455,39812,7643,PT1M3S,63.0,0.05377611322956978,0.045115048359406426,0.00866106487016335,14007.222222222223,121.31746031746032
_WFlfDpC6W0,I Ran Out Of Cash!,2020-07-02T12:00:31Z,2141539,54219,4374,PT1M2S,62.0,0.027360230189597295,0.02531777380659423,0.002042456383003065,34540.95161290323,70.54838709677419
t0WlLMOTtrc,He Wanted To Die,2020-08-04T12:00:16Z,5837838,127548,8480,PT1M5S,65.0,0.02330109194534004,0.02184849939309724,0.0014525925522427994,89812.89230769231,130.46153846153845
Pp5wdQPeE5k,Visa Rejected?!,2020-08-19T12:00:05Z,448380,19667,1274,PT1M6S,66.0,0.04670368883536286,0.043862348900486195,0.002841339934876667,6793.636363636364,19.303030303030305
Pp5wdQPeE5k,Visa Rejected?!,2020-08-19T12:00:05Z,448380,19667,1274,PT1M6S,66.0,0.04670368883536286,0.043862348900486195,0.002841339934876667,6793.636363636364,19.303030303030305
Pp5wdQPeE5k,Visa Rejected?!,2020-08-19T12:00:05Z,448380,19667,1274,PT1M6S,66.0,0.04670368883536286,0.043862348900486195,0.002841339934876667,6793.636363636364,19.303030303030305
SHBnp-yDx_A,How Video Games Changed My Life!,2020-07-14T12:00:20Z,2335717,85271,7118,PT1M16S,76.0,0.039554877581487825,0.03650741934917629,0.0030474582323115344,30733.11842105263,93.65789473684211
SHBnp-yDx_A,How Video Games Changed My Life!,2020-07-14T12:00:20Z,2335717,85271,7118,PT1M16S,76.0,0.039554877581487825,0.03650741934917629,0.0030474582323115344,30733.11842105263,93.65789473684211
SHBnp-yDx_A,How Video Games Changed My Life!,2020-07-14T12:00:20Z,2335717,85271,7118,PT1M16S,76.0,0.039554877581487825,0.03650741934917629,0.0030474582323115344,30733.11842105263,93.65789473684211
MPEa2mHmz5M,How Cheap Is Thailand?!!,2020-07-30T12:00:07Z,1686076,27176,2289,PT1M6S,66.0,0.017475487463198575,0.016117897413876956,0.0013575900493216202,25546.60606060606,34.68181818181818
jRPh01ehL7Q,The Amazon in 1 Minute,2020-08-20T12:30:05Z,374743,17516,1318,PT1M6S,66.0,0.05025844378680856,0.046741366750012676,0.003517077036795884,5677.924242424242,19.96969696969697
xCd-deppop4,I Was Scared of Government!,2020-07-27T12:00:30Z,368743,14709,1535,PT1M9S,69.0,0.04405236167195038,0.03988957078507253,0.004162790886877853,5344.101449275362,22.246376811594203
oFpMuZkUMcI,World's Best Punishment?!,2020-08-13T12:00:13Z,4782828,106817,6083,PT1M10S,70.0,0.02360528122692265,0.02233343954664479,0.0012718416802778606,68326.11428571428,86.9
RxTUlh16f38,Canada's Superman,2020-07-09T12:00:08Z,388410,16786,1895,PT2M17S,137.0,0.048096084034911564,0.0432172189181535,0.004878865116758065,2835.109489051095,13.832116788321168
RxTUlh16f38,Canada's Superman,2020-07-09T12:00:08Z,388410,16786,1895,PT2M17S,137.0,0.048096084034911564,0.0432172189181535,0.004878865116758065,2835.109489051095,13.832116788321168
1Hq61_9oR_M,Life Of A Mother,2021-05-09T12:00:00Z,635675,21000,3514,PT1M6S,66.0,0.0385637314665513,0.033035749400243834,0.005527982066307468,9631.439393939394,53.24242424242424
1Hq61_9oR_M,Life Of A Mother,2021-05-09T12:00:00Z,635675,21000,3514,PT1M6S,66.0,0.0385637314665513,0.033035749400243834,0.005527982066307468,9631.439393939394,53.24242424242424
1WHFSURMR1M,The Millionaire Who Picks Coins,2020-07-16T12:00:00Z,299138,13633,2340,PT2M22S,142.0,0.053396760023801726,0.04557428344108739,0.007822476582714332,2106.605633802817,16.47887323943662
1WHFSURMR1M,The Millionaire Who Picks Coins,2020-07-16T12:00:00Z,299138,13633,2340,PT2M22S,142.0,0.053396760023801726,0.04557428344108739,0.007822476582714332,2106.605633802817,16.47887323943662
lXhLofTAfKs,She Had 4 Tragedies,2020-07-20T12:00:24Z,613065,28391,1400,PT2M32S,152.0,0.04859354228344466,0.04630993450939134,0.0022836077740533223,4033.3223684210525,9.210526315789474
lXhLofTAfKs,She Had 4 Tragedies,2020-07-20T12:00:24Z,613065,28391,1400,PT2M32S,152.0,0.04859354228344466,0.04630993450939134,0.0022836077740533223,4033.3223684210525,9.210526315789474
lXhLofTAfKs,She Had 4 Tragedies,2020-07-20T12:00:24Z,613065,28391,1400,PT2M32S,152.0,0.04859354228344466,0.04630993450939134,0.0022836077740533223,4033.3223684210525,9.210526315789474
3B1Vf4UMx1c,Why I Hate Singapore,2020-07-21T12:00:03Z,1171787,47070,5471,PT2M39S,159.0,0.04483835372810929,0.04016941645537969,0.0046689372727296,7369.729559748428,34.40880503144654
3B1Vf4UMx1c,Why I Hate Singapore,2020-07-21T12:00:03Z,1171787,47070,5471,PT2M39S,159.0,0.04483835372810929,0.04016941645537969,0.0046689372727296,7369.729559748428,34.40880503144654
WJa6DyfnoUI,Why Arabs Eat On The Floor,2020-07-17T12:15:03Z,2451939,51869,10364,PT1M14S,74.0,0.025381137132693757,0.021154278307902438,0.004226858824791319,33134.31081081081,140.05405405405406
PSklWv-CI30,How American Is The Philippines?!,2020-08-18T12:00:08Z,1366003,59761,8288,PT1M6S,66.0,0.049816142424284574,0.0437488058225348,0.006067336601749776,20697.015151515152,125.57575757575758
Zhw99kBXy8s,Muslim's Best Friend,2020-07-23T12:00:11Z,695684,28936,2316,PT2M36S,156.0,0.044922694786713506,0.041593597092933,0.0033290976937805097,4459.51282051282,14.846153846153847
LD2_y1kcRgk,Why I Never Take A Day Off,2020-07-31T12:00:05Z,213770,12291,1013,PT2M16S,136.0,0.062235112504093186,0.057496374608223794,0.004738737895869392,1571.8382352941176,7.448529411764706
ThcjzySJDxk,Africa's Best Food?!,2020-07-29T12:00:09Z,303312,13096,1704,PT1M53S,113.0,0.048794640502189165,0.04317666297409928,0.0056179775280898875,2684.1769911504425,15.079646017699115
FEoIk3nplX4,They Were Here First,2020-07-28T12:00:05Z,333627,13325,1387,PT2M15S,135.0,0.04409715041048836,0.03993981302472522,0.0041573373857631424,2471.311111111111,10.274074074074074
Zvtekg8GW4s,The World's Oldest Culture!,2020-08-12T12:00:12Z,254231,12486,1320,PT2M1S,121.0,0.054304943142260385,0.0491128147236175,0.0051921284186428876,2101.0826446280994,10.909090909090908
3djHIqt8uh4,The Billion Dollar City!,2020-08-14T12:00:03Z,329537,16948,1245,PT2M,120.0,0.05520776119221817,0.05142973323177671,0.003778027960441468,2746.141666666667,10.375
3Pc8QS3wWYM,The Country Never Colonized,2020-08-21T12:00:02Z,308275,16071,2558,PT2M3S,123.0,0.060429811045332904,0.052132024977698484,0.008297786067634417,2506.3008130081303,20.796747967479675
Lg6SJQiwpfw,Airport's Dirty Secret,2020-08-24T16:06:47Z,1125273,28615,1387,PT1M11S,71.0,0.02666197447197258,0.025429384691537077,0.0012325897804355032,15848.915492957747,19.535211267605632
nZJ35WLm5Fc,$3 For Clothes?!,2020-08-27T12:30:09Z,429849,15110,1464,PT1M9S,69.0,0.03855772608520667,0.0351518789156192,0.0034058471695874596,6229.695652173913,21.217391304347824
VsQZAMbcNL8,World's Biggest Teacher,2020-09-04T12:00:31Z,349977,19369,1303,PT2M5S,125.0,0.0590667386713984,0.055343636867565583,0.003723101803832823,2799.816,10.424
b6vWFpcsHlY,My Data Got Leaked!,2020-08-28T12:00:19Z,665979,29816,1628,PT1M7S,67.0,0.047214701965076974,0.04477018044112502,0.0024445215239519563,9939.985074626866,24.29850746268657
lAGy6fxKAAM,This is The Land of Free Water!,2020-08-30T16:00:29Z,366166,15865,1351,PT1M14S,74.0,0.04701692674907009,0.04332734333608254,0.003689583412987552,4948.189189189189,18.256756756756758
w5UO-DmKb-I,I Choose to Disagree with Kanye,2020-08-31T12:16:25Z,1203170,52688,5371,PT1M9S,69.0,0.04825502630550961,0.0437909854800236,0.0044640408254860075,17437.246376811596,77.84057971014492
BDY5VJeK5aQ,The Happiest Cemetery?!,2020-09-06T12:00:02Z,240505,11019,1145,PT1M21S,81.0,0.05057691108292967,0.04581609529947402,0.004760815783455646,2969.1975308641977,14.135802469135802
gJvDYuF1ux8,He Never Grew Up,2020-09-07T12:00:10Z,8444881,139169,4546,PT1M5S,65.0,0.017018001793038882,0.01647968751720717,0.0005383142758317139,129921.24615384615,69.93846153846154
rA7RUneUaK8,Your Life Without Mexico,2020-09-08T12:00:19Z,1081025,28876,2805,PT1M5S,65.0,0.029306445271848478,0.026711685668694064,0.0025947596031544134,16631.153846153848,43.15384615384615
PWLX3YjqdJg,I Visited The Wall...,2020-09-12T12:30:06Z,398199,14884,1318,PT1M7S,67.0,0.04068819861426071,0.037378295776734745,0.0033099028375259605,5943.268656716418,19.671641791044777
5vGZr130Uws,The Parent Trap,2020-09-14T12:00:02Z,2150174,53395,2685,PT1M18S,78.0,0.02608161013945848,0.02483287399066308,0.0012487361487954,27566.333333333332,34.42307692307692
GylsFdBL7CI,Why Hawaiian Clothes are the Best,2020-09-11T12:00:05Z,260821,10182,767,PT1M15S,75.0,0.04197898175376983,0.03903826762415603,0.0029407141296137963,3477.6133333333332,10.226666666666667
e6UgayiF96c,He Was Born On a Plane!,2020-09-15T12:00:10Z,8850509,138719,6832,PT1M13S,73.0,0.016445494829732392,0.01567356182565319,0.0007719330040792004,121239.8493150685,93.58904109589041
-WHBm0IEr_k,Why is Everything Made in China?,2020-09-21T12:00:01Z,5058910,97013,7932,PT1M15S,75.0,0.02074458727275243,0.019176660584987675,0.0015679266877647556,67452.13333333333,105.76
iQ3LNnN4TRo,I am in Debt,2020-09-18T12:00:40Z,506384,24323,1877,PT1M10S,70.0,0.05173939144996682,0.048032718253341336,0.0037066731966254856,7234.057142857143,26.814285714285713
ayCOyCgT0cY,Is This Unique?,2020-09-20T12:00:01Z,1375482,40357,2021,PT1M2S,62.0,0.030809563483927816,0.029340260359641202,0.0014693031242866137,22185.1935483871,32.596774193548384
ZapshXycF48,He Has Two Wives,2020-09-22T12:00:07Z,2087467,40203,3911,PT1M4S,64.0,0.021132789165050275,0.019259226612923702,0.0018735625521265726,32616.671875,61.109375
nVe4yGMjKZo,Why is Berlin Not Expensive?,2020-09-23T12:00:28Z,409100,15108,1103,PT1M11S,71.0,0.03962600831092642,0.03692984600342215,0.002696162307504278,5761.971830985915,15.535211267605634
QCbvJojJ0pg,The Most Unique Hotel?!,2020-09-24T12:00:10Z,240736,10672,775,PT1M6S,66.0,0.04755001329256946,0.04433071912800744,0.00321929416456201,3647.5151515151515,11.742424242424242
1VMyf3U4aRQ,17 and Pregnant,2020-10-05T12:00:00Z,1515348,38696,2449,PT1M6S,66.0,0.027152178905439542,0.025536048485232436,0.0016161304202071075,22959.81818181818,37.10606060606061
M29XZhZfCEA,China's Fake Paris!,2020-09-30T12:00:06Z,396533,10678,1216,PT1M12S,72.0,0.02999498150217006,0.02692840192367344,0.0030665795784966194,5507.402777777777,16.88888888888889
NePPmj5muWU,The Jerusalem Syndrome,2020-09-29T12:00:05Z,274310,11807,1146,PT2M23S,143.0,0.0472202982027633,0.0430425431081623,0.004177755094600999,1918.2517482517483,8.013986013986013
PgXEAjMO2Hk,Is Africa Safer Than America?,2020-10-03T12:00:05Z,260951,11834,1109,PT1M5S,65.0,0.04959935006955329,0.04534951006127587,0.0042498400082774165,4014.630769230769,17.06153846153846
tzCI14geMyQ,Safest Place in the World?!,2020-10-06T12:00:11Z,902822,21694,1404,PT1M6S,66.0,0.02558422368971957,0.024029099866861907,0.0015551238228576618,13679.121212121212,21.272727272727273
NSNrXtMyLQo,Why This Doesn't Mean You're Smart!,2020-10-09T12:00:06Z,1102812,29497,3325,PT1M13S,73.0,0.029762099070376455,0.026747079284592478,0.0030150197857839777,15107.013698630137,45.54794520547945
TCVh25y7SzY,Every Parent's Dream,2020-10-07T12:00:05Z,290515,11850,1200,PT2M3S,123.0,0.044920227871194256,0.040789632204877545,0.0041305956663167135,2361.910569105691,9.75609756097561
Yd1N6y0ucMA,He Has An Island!,2020-10-12T12:00:07Z,960351,22670,2776,PT1M9S,69.0,0.026496562194447654,0.02360595240698453,0.0028906097874631257,13918.130434782608,40.231884057971016
o6LO_u0M7sU,She Has The Hardest Job,2020-10-08T12:00:12Z,3606352,89922,3374,PT1M8S,68.0,0.02586990953739402,0.024934338079033884,0.0009355714583601379,53034.58823529412,49.61764705882353
R3Zx0NkQlRY,Where Everything is Flipped!,2020-10-13T12:00:08Z,257142,11984,1358,PT1M37S,97.0,0.05188572850798392,0.04660459979311042,0.005281128714873494,2650.9484536082473,14.0
CcquFZxr9HU,"The ""Red Mouth"" Nut",2020-10-14T12:00:03Z,1372036,25020,1896,PT1M35S,95.0,0.01961756105524928,0.01823567311644884,0.0013818879388004396,14442.484210526316,19.957894736842107
C-U3X19Pcj0,Where Gravity Doesn't Work?!,2020-10-16T12:00:02Z,323141,12640,1468,PT1M42S,102.0,0.0436589600205483,0.03911605150692732,0.004542908513620989,3168.049019607843,14.392156862745098
9ZvsT1ahgZ0,We Can't Marry,2020-10-19T12:00:02Z,547443,18268,1546,PT1M36S,96.0,0.03619372245146983,0.03336968414976536,0.0028240383017044696,5702.53125,16.104166666666668
VHkqC1veiwM,My Mom Has No Bomb!,2020-10-20T12:00:14Z,1948827,72156,3661,PT1M43S,103.0,0.038903915021702797,0.037025349094609215,0.0018785659270935799,18920.650485436894,35.54368932038835
2owmMAVH6Uk,About Eating Animals,2020-10-23T12:00:00Z,287462,13796,1899,PT1M37S,97.0,0.054598520847972946,0.04799243030383146,0.0066060905441414864,2963.5257731958764,19.577319587628867
0rb9pM3i4jg,How We Got Married,2020-10-26T12:00:00Z,358525,15469,1254,PT1M47S,107.0,0.04664388815284848,0.043146224112683915,0.0034976640401645632,3350.700934579439,11.719626168224298
mnxv2DmXFUY,Is America The Best?,2020-10-24T12:00:10Z,998916,34820,3424,PT7M28S,448.0,0.03828550148360823,0.0348577858398504,0.0034277156437578335,2229.723214285714,7.642857142857143
Q0CuMVS4YUI,The Most Beautiful Country!,2020-10-21T12:00:05Z,235355,11192,1040,PT1M33S,93.0,0.05197255210214357,0.04755369548129421,0.004418856620849355,2530.6989247311826,11.182795698924732
1TsCeSzfxj8,How Fun is Ireland?,2020-10-28T12:00:01Z,182891,8392,1088,PT1M40S,100.0,0.05183415258268586,0.04588525405842824,0.0059488985242576176,1828.91,10.88
EL2HPCRKjGU,Milk Vs. Vegan,2020-10-27T12:00:02Z,228153,10372,1271,PT1M39S,99.0,0.0510315446213725,0.045460721533357,0.0055708230880154985,2304.5757575757575,12.83838383838384
eFnYoa6XMwQ,Where People Divorce The Most!,2020-10-29T12:00:09Z,245083,10657,820,PT1M33S,93.0,0.04682903342949123,0.04348322813087811,0.003345805298613123,2635.3010752688174,8.817204301075268
jw4jy1fBBG0,Is This Offensive?,2020-10-30T12:00:27Z,191454,12049,964,PT1M37S,97.0,0.06796932944728237,0.06293417740031548,0.005035152046966896,1973.7525773195875,9.938144329896907
tC-mJCxJqKA,Let's Talk Suicide,2020-11-02T12:00:10Z,344620,18172,1997,PT1M12S,72.0,0.05852533225001451,0.05273054378735999,0.005794788462654518,4786.388888888889,27.73611111111111
knyT-sJQbXM,Can You Make Music From This?!,2020-11-03T12:00:21Z,141656,6605,1100,PT1M45S,105.0,0.05439233071666572,0.04662704015361157,0.007765290563054159,1349.104761904762,10.476190476190476
ESqp05BwIuQ,Where My Stuff Got Stolen,2020-11-09T12:00:05Z,368067,14549,914,PT1M38S,98.0,0.042011372929385137,0.039528129389486154,0.0024832435398989858,3755.785714285714,9.326530612244898
FGj6RlZAnyA,Her Hair Is Not Hers,2020-11-05T12:00:03Z,2318495,60356,2077,PT1M37S,97.0,0.026928244399923227,0.026032404641804275,0.0008958397581189522,23902.01030927835,21.412371134020617
Q9oZm2mWtDw,The Strongest Accent?!,2020-11-07T12:00:05Z,262633,12330,1463,PT1M37S,97.0,0.05251815270739016,0.046947641766267,0.0055705109411231645,2707.556701030928,15.082474226804123
SY_bQojomyU,This Is The New Bitcoin!,2020-11-10T12:00:04Z,276968,13243,1123,PT1M36S,96.0,0.05186880794893273,0.04781418792062621,0.0040546200283065196,2885.0833333333335,11.697916666666666
JXBxMmkWAYc,His Pet Died 10 Times,2020-11-11T12:00:04Z,3542752,96040,2888,PT1M36S,96.0,0.0279240545203277,0.027108869037403692,0.0008151854829240093,36903.666666666664,30.083333333333332
tHmLEZm6l-8,Should We Get Married?,2020-11-13T12:00:12Z,231764,10878,1764,PT1M35S,95.0,0.054546866640202966,0.04693567594622115,0.007611190693981809,2439.621052631579,18.568421052631578
rF93NF_L4ZA,The Problem With Selfies,2020-11-12T12:00:22Z,324117,15280,847,PT1M35S,95.0,0.04975672365226137,0.04714346979640068,0.0026132538558606925,3411.757894736842,8.91578947368421
m0txiwjjXSA,When Money Isn't Enough!,2020-11-16T12:00:11Z,388471,14612,1030,PT1M34S,94.0,0.040265553928092446,0.03761413335873205,0.00265142056936039,4132.670212765957,10.957446808510639
68-cqfL8fn8,The Jungle King,2020-11-17T12:00:01Z,262958,10189,1973,PT1M50S,110.0,0.04625073205606979,0.03874763270180029,0.0075030993542695035,2390.5272727272727,17.936363636363637
En5QrtOF0Ig,This Guy Will Never Die,2020-11-19T12:00:07Z,249983,10355,2072,PT1M13S,73.0,0.049711380373865424,0.0414228167515391,0.008288563622326318,3424.4246575342468,28.383561643835616
IyHgHRbbtTQ,"$50,000 For This?!!",2020-11-20T12:00:04Z,251126,9836,1698,PT1M32S,92.0,0.045929135175171026,0.039167589178340755,0.006761545996830276,2729.6304347826085,18.456521739130434
